id,province,district,neighbour_ids,centroid_lat,centroid_long,boundary_min_lat,boundary_max_lat,boundary_min_long,boundary_max_long,corner_sw_lat,corner_sw_long,corner_ne_lat,corner_ne_long,corner_nw_lat,corner_nw_long,corner_se_lat,corner_se_long
1,Koshi,Taplejung,2;8;9,27.589802,87.82484,27.268484,27.949855,87.448143,88.204673,27.268484,87.448143,27.949855,88.204673,27.949855,87.448143,27.268484,88.204673
2,Koshi,Panchthar,1;3;5;7;8,27.13809,87.787212,26.859651,27.435216,87.495468,88.076019,26.859651,87.495468,27.435216,88.076019,27.435216,87.495468,26.859651,88.076019
3,Koshi,Ilam,2;4;5,26.875623,87.901106,26.657871,27.105968,87.597702,88.184761,26.657871,87.597702,27.105968,88.184761,27.105968,87.597702,26.657871,88.184761
4,Koshi,Jhapa,3;5,26.593646,87.90797,26.36107,26.805017,87.641868,88.192718,26.36107,87.641868,26.805017,88.192718,26.805017,87.641868,26.36107,88.192718
5,Koshi,Morang,2;3;4;6;7,26.603388,87.475446,26.348379,26.885746,87.241828,87.690147,26.348379,87.241828,26.885746,87.690147,26.885746,87.241828,26.348379,87.690147
6,Koshi,Sunsari,5;7;14;15,26.637782,87.152437,26.402687,26.87951,86.913536,87.3554,26.402687,86.913536,26.87951,87.3554,26.87951,86.913536,26.402687,87.3554
7,Koshi,Dhankuta,2;5;6;8;9;10;14,26.991864,87.339692,26.845199,27.193054,87.150344,87.590927,26.845199,87.150344,27.193054,87.590927,27.193054,87.150344,26.845199,87.590927
8,Koshi,Terhathum,1;2;7;9,27.149606,87.550224,26.967058,27.297399,87.396377,87.751762,26.967058,87.396377,27.297399,87.751762,27.297399,87.396377,26.967058,87.751762
9,Koshi,Sankhuwasabha,1;7;8;10;11,27.587713,87.286418,27.13779,27.956737,86.946006,87.67247,27.13779,86.946006,27.956737,87.67247,27.956737,86.946006,27.13779,87.67247
10,Koshi,Bhojpur,7;9;11;13;14,27.182275,87.062042,26.887607,27.464042,86.902366,87.276397,26.887607,86.902366,27.464042,87.276397,27.464042,86.902366,26.887607,87.276397
11,Koshi,Solukhumbu,9;10;12;13;23;25,27.714487,86.70058,27.340408,28.113311,86.358657,87.013587,27.340408,86.358657,28.113311,87.013587,28.113311,86.358657,27.340408,87.013587
12,Koshi,Okhaldhunga,11;13;14;25;26,27.330057,86.425977,27.148286,27.527318,86.205444,86.687339,27.148286,86.205444,27.527318,86.687339,27.527318,86.205444,27.148286,86.687339
13,Koshi,Khotang,10;11;12;14,27.15736,86.764152,26.872795,27.440692,86.428703,86.9878,26.872795,86.428703,27.440692,86.9878,27.440692,86.428703,26.872795,86.9878
14,Koshi,Udayapur,6;7;10;12;13;15;16;17;26,26.911839,86.659981,26.68592,27.181722,86.27787,87.170555,26.68592,86.27787,27.181722,87.170555,27.181722,86.27787,26.68592,87.170555
15,Madhesh,Saptari,6;14;16,26.620647,86.742908,26.423133,26.887893,86.482917,87.027648,26.423133,86.482917,26.887893,87.027648,26.887893,86.482917,26.423133,87.027648
16,Madhesh,Siraha,14;15;17,26.746804,86.333865,26.548274,26.934278,86.13327,86.539093,26.548274,86.13327,26.934278,86.539093,26.934278,86.13327,26.548274,86.539093
17,Madhesh,Dhanusha,14;16;18;26,26.825475,86.033982,26.568801,27.092584,85.850036,86.263481,26.568801,85.850036,27.092584,86.263481,27.092584,85.850036,26.568801,86.263481
18,Madhesh,Mahottari,17;19;26,26.878466,85.821326,26.601934,27.167493,85.681091,85.948173,26.601934,85.681091,27.167493,85.948173,27.167493,85.681091,26.601934,85.948173
19,Madhesh,Sarlahi,18;20;26,26.981558,85.561113,26.74382,27.193017,85.329284,85.819145,26.74382,85.329284,27.193017,85.819145,27.193017,85.329284,26.74382,85.819145
20,Madhesh,Rautahat,19;21;26;34,26.998819,85.311202,26.745525,27.230436,85.167442,85.505867,26.745525,85.167442,27.230436,85.505867,27.230436,85.167442,26.745525,85.505867
21,Madhesh,Bara,20;22;34,27.105579,85.068064,26.849594,27.365711,84.874168,85.268264,26.849594,84.874168,27.365711,85.268264,27.365711,84.874168,26.849594,85.268264
22,Madhesh,Parsa,21;34;35,27.239166,84.749871,26.980493,27.462196,84.480102,84.977104,26.980493,84.480102,27.462196,84.977104,27.462196,84.480102,26.980493,84.977104
23,Bagmati,Dolakha,11;24;25,27.814163,86.205654,27.474243,28.172111,85.851875,86.561546,27.474243,85.851875,28.172111,86.561546,28.172111,85.851875,27.474243,86.561546
24,Bagmati,Sindhupalchok,23;25;27;30;31;32,27.911673,85.739679,27.612302,28.199625,85.443901,86.063278,27.612302,85.443901,28.199625,86.063278,28.199625,85.443901,27.612302,86.063278
25,Bagmati,Ramechhap,11;12;23;24;26;27,27.546288,86.188203,27.243652,27.831417,85.802017,86.574531,27.243652,85.802017,27.831417,86.574531,27.831417,85.802017,27.243652,86.574531
26,Bagmati,Sindhuli,12;14;17;18;19;20;25;27;34,27.194864,85.928685,26.916873,27.450504,85.425056,86.389778,26.916873,85.425056,27.450504,86.389778,27.450504,85.425056,26.916873,86.389778
27,Bagmati,Kavrepalanchok,24;25;26;28;29;30;34,27.537816,85.620899,27.335929,27.786121,85.391723,85.877822,27.335929,85.391723,27.786121,85.877822,27.786121,85.391723,27.335929,85.877822
28,Bagmati,Bhaktapur,27;29;30,27.678736,85.442694,27.620319,27.728116,85.358215,85.528541,27.620319,85.358215,27.728116,85.528541,27.728116,85.358215,27.620319,85.528541
29,Bagmati,Lalitpur,27;28;30;34,27.541234,85.344211,27.40303,27.690616,85.237678,85.444503,27.40303,85.237678,27.690616,85.444503,27.690616,85.237678,27.40303,85.444503
30,Bagmati,Kathmandu,24;27;28;29;31;33;34,27.716007,85.353179,27.572824,27.81681,85.189567,85.524353,27.572824,85.189567,27.81681,85.524353,27.81681,85.189567,27.572824,85.524353
31,Bagmati,Nuwakot,24;30;32;33,27.934603,85.2362,27.760828,28.0858,84.98973,85.495956,27.760828,84.98973,28.0858,85.495956,28.0858,84.98973,27.760828,85.495956
32,Bagmati,Rasuwa,24;31;33,28.196112,85.425631,27.96216,28.385269,85.121887,85.795837,27.96216,85.121887,28.385269,85.795837,28.385269,85.121887,27.96216,85.795837
33,Bagmati,Dhading,30;31;32;34;35;41,27.94424,84.993414,27.667741,28.344396,84.65493,85.271087,27.667741,84.65493,28.344396,85.271087,28.344396,84.65493,27.667741,85.271087
34,Bagmati,Makwanpur,20;21;22;26;27;29;30;33;35,27.461462,85.0917,27.1623,27.709743,84.683174,85.512016,27.1623,84.683174,27.709743,85.512016,27.709743,84.683174,27.1623,85.512016
35,Bagmati,Chitwan,22;33;34;41;42;46,27.589257,84.406385,27.354125,27.877817,83.920516,84.797851,27.354125,83.920516,27.877817,84.797851,27.877817,83.920516,27.354125,84.797851
36,Gandaki,Manang,37;38;39;40;41,28.673362,84.216498,28.456933,28.898839,83.793327,84.573829,28.456933,83.793327,28.898839,84.573829,28.898839,83.793327,28.456933,84.573829
37,Gandaki,Mustang,36;38;59,28.971445,83.85922,28.573007,29.330982,83.484405,84.254264,28.573007,83.484405,29.330982,84.254264,29.330982,83.484405,28.573007,84.254264
38,Gandaki,Myagdi,36;37;39;44;45;58;59,28.557975,83.474722,28.298294,28.791769,83.104049,83.875267,28.298294,83.104049,28.791769,83.875267,28.791769,83.104049,28.298294,83.875267
39,Gandaki,Kaski,36;38;40;42;43;44,28.352023,84.006417,28.083997,28.615503,83.702751,84.280487,28.083997,83.702751,28.615503,84.280487,28.615503,83.702751,28.083997,84.280487
40,Gandaki,Lamjung,36;39;41;42,28.283271,84.425807,28.057563,28.509344,84.192405,84.696578,28.057563,84.192405,28.509344,84.696578,28.509344,84.192405,28.057563,84.696578
41,Gandaki,Gorkha,33;35;36;40;42,28.326786,84.756354,27.796108,28.751855,84.424369,85.19754,27.796108,84.424369,28.751855,85.19754,28.751855,84.424369,27.796108,85.19754
42,Gandaki,Tanahun,35;39;40;41;43;46;50,27.947464,84.249496,27.741764,28.130596,83.941673,84.563957,27.741764,83.941673,28.130596,84.563957,28.130596,83.941673,27.741764,84.563957
43,Gandaki,Syangja,39;42;44;50;52,28.021472,83.783772,27.86783,28.228261,83.442054,84.033256,27.86783,83.442054,28.228261,84.033256,28.228261,83.442054,27.86783,84.033256
44,Gandaki,Parbat,38;39;43;45;52,28.211436,83.666307,27.998947,28.400564,83.566246,83.82685,27.998947,83.566246,28.400564,83.82685,28.400564,83.566246,27.998947,83.82685
45,Gandaki,Baglung,38;44;52;53;54;58,28.357658,83.256981,28.077978,28.633155,82.879951,83.677391,28.077978,82.879951,28.633155,83.677391,28.633155,82.879951,28.077978,83.677391
46,Gandaki,Nawalpur,35;42;47;50,27.681086,84.039336,27.540159,27.870992,83.723373,84.431526,27.540159,83.723373,27.870992,84.431526,27.870992,83.723373,27.540159,84.431526
47,Lumbini,Parasi,46;48;50,27.530635,83.744303,27.347908,27.703227,83.588211,83.971977,27.347908,83.588211,27.703227,83.971977,27.703227,83.588211,27.347908,83.971977
48,Lumbini,Rupandehi,47;49;50;51,27.566524,83.399132,27.33312,27.790304,83.208633,83.659896,27.33312,83.208633,27.790304,83.659896,27.790304,83.208633,27.33312,83.659896
49,Lumbini,Kapilvastu,48;51;55,27.627904,82.982139,27.417114,27.835849,82.700668,83.235389,27.417114,82.700668,27.835849,83.235389,27.835849,82.700668,27.417114,83.235389
50,Lumbini,Palpa,42;43;46;47;48;51;52,27.814789,83.618261,27.681598,27.955789,83.234893,84.031257,27.681598,83.234893,27.955789,84.031257,27.955789,83.234893,27.681598,84.031257
51,Lumbini,Arghakhanchi,48;49;50;52;53;55,27.911863,83.066381,27.784629,28.114124,82.752326,83.336212,27.784629,82.752326,28.114124,83.336212,28.114124,82.752326,27.784629,83.336212
52,Lumbini,Gulmi,43;44;45;50;51;53,28.091082,83.30527,27.922779,28.277605,83.014144,83.610824,27.922779,83.014144,28.277605,83.610824,28.277605,83.014144,27.922779,83.610824
53,Lumbini,Pyuthan,45;51;52;54;55,28.117566,82.867357,27.879501,28.363536,82.599838,83.100845,27.879501,82.599838,28.363536,83.100845,28.363536,82.599838,27.879501,83.100845
54,Lumbini,Rolpa,45;53;55;58;67;68,28.339035,82.625735,28.09626,28.556558,82.351264,82.958518,28.09626,82.351264,28.556558,82.958518,28.556558,82.351264,28.09626,82.958518
55,Lumbini,Dang,49;51;53;54;56;67,27.9675,82.401602,27.678155,28.257242,82.013931,82.881278,27.678155,82.013931,28.257242,82.881278,28.257242,82.013931,27.678155,82.881278
56,Lumbini,Banke,55;57;67,28.083574,81.83052,27.855039,28.330904,81.501396,82.197128,27.855039,81.501396,28.330904,82.197128,28.330904,81.501396,27.855039,82.197128
57,Lumbini,Bardiya,56;66;76,28.368112,81.389063,28.068948,28.67032,81.060798,81.767143,28.068948,81.060798,28.67032,81.767143,28.67032,81.060798,28.068948,81.767143
58,Lumbini,Eastern Rukum,38;45;54;59;68,28.669004,82.805862,28.475135,28.869631,82.440032,83.151885,28.475135,82.440032,28.869631,83.151885,28.869631,82.440032,28.475135,83.151885
59,Karnali,Dolpa,37;38;58;60;62;65;68,29.175916,83.036192,28.72126,29.70421,82.3964,83.682723,28.72126,82.3964,29.70421,83.682723,29.70421,82.3964,28.72126,83.682723
60,Karnali,Mugu,59;61;62;63;69,29.630008,82.351934,29.38799,29.969758,81.776687,82.830055,29.38799,81.776687,29.969758,82.830055,29.969758,81.776687,29.38799,82.830055
61,Karnali,Humla,60;69;70,30.022741,81.863112,29.603149,30.445806,81.257461,82.501426,29.603149,81.257461,30.445806,82.501426,30.445806,81.257461,29.603149,82.501426
62,Karnali,Jumla,59;60;63;65,29.26927,82.220686,28.97179,29.508756,81.837783,82.590629,28.97179,81.837783,29.508756,82.590629,29.508756,81.837783,28.97179,82.590629
63,Karnali,Kalikot,60;62;64;65;69;75,29.206362,81.763484,28.968685,29.460638,81.469581,82.019447,28.968685,81.469581,29.460638,82.019447,29.460638,81.469581,28.968685,82.019447
64,Karnali,Dailekh,63;65;66;75,28.891663,81.680537,28.633207,29.133077,81.413543,81.926422,28.633207,81.413543,29.133077,81.926422,29.133077,81.413543,28.633207,81.926422
65,Karnali,Jajarkot,59;62;63;64;66;67;68,28.870682,82.175343,28.61214,29.124349,81.820274,82.576713,28.61214,81.820274,29.124349,82.576713,29.124349,81.820274,28.61214,82.576713
66,Karnali,Surkhet,57;64;65;67;74;75;76,28.664512,81.58289,28.324283,28.974439,80.984329,82.036994,28.324283,80.984329,28.974439,82.036994,28.974439,80.984329,28.324283,82.036994
67,Karnali,Salyan,54;55;56;65;66;68,28.380761,82.129007,28.158599,28.641935,81.74694,82.421066,28.158599,81.74694,28.641935,82.421066,28.641935,81.74694,28.158599,82.421066
68,Karnali,Western Rukum,54;58;59;65;67,28.650079,82.501211,28.520479,28.9874,82.186515,82.70874,28.520479,82.186515,28.9874,82.70874,28.9874,82.186515,28.520479,82.70874
69,Sudurpashchim,Bajura,60;61;63;70;74;75,29.578488,81.548216,29.270442,29.949802,81.176078,81.808723,29.270442,81.176078,29.949802,81.808723,29.949802,81.176078,29.270442,81.808723
70,Sudurpashchim,Bajhang,61;69;71;72;74,29.717876,81.161301,29.385,30.055387,80.743751,81.565139,29.385,80.743751,30.055387,81.565139,30.055387,80.743751,29.385,81.565139
71,Sudurpashchim,Darchula,70;72,30.007637,80.727977,29.6032,30.47146,80.364346,81.111267,29.6032,80.364346,30.47146,81.111267,30.47146,80.364346,29.6032,81.111267
72,Sudurpashchim,Baitadi,70;71;73;74,29.494449,80.583781,29.307676,29.706092,80.242652,80.909927,29.307676,80.242652,29.706092,80.909927,29.706092,80.242652,29.307676,80.909927
73,Sudurpashchim,Dadeldhura,72;74;76;77,29.216111,80.487583,28.994321,29.423517,80.154586,80.786155,28.994321,80.154586,29.423517,80.786155,29.423517,80.154586,28.994321,80.786155
74,Sudurpashchim,Doti,66;69;70;72;73;75;76,29.17695,80.905499,28.928836,29.442464,80.527481,81.155654,28.928836,80.527481,29.442464,81.155654,29.442464,80.527481,28.928836,81.155654
75,Sudurpashchim,Achham,63;64;66;69;74,29.07788,81.325763,28.745262,29.390365,81.031303,81.584297,28.745262,81.031303,29.390365,81.584297,29.390365,81.031303,28.745262,81.584297
76,Sudurpashchim,Kailali,57;66;73;74;77,28.744291,80.877724,28.397205,29.079399,80.496238,81.291435,28.397205,80.496238,29.079399,81.291435,29.079399,80.496238,28.397205,81.291435
77,Sudurpashchim,Kanchanpur,73;76,28.862758,80.324055,28.552654,29.108903,80.050926,80.560798,28.552654,80.050926,29.108903,80.560798,29.108903,80.050926,28.552654,80.560798